Developer,Project,"First Quarter","Last Quarter","Total Quarters Active",Contributions
"A. Unique TensorFlower",grimoirelab,"April 1st 2018","January 1st 2023",20,"25,705"
"TensorFlower Gardener",grimoirelab,"July 1st 2018","January 1st 2023",19,"7,189"
"Mihai Maruseac",grimoirelab,"July 1st 2018","January 1st 2023",35,"5,349"
"Yong Tang",grimoirelab,"April 1st 2018","January 1st 2023",20,"1,139"
"Raman Sarokin",grimoirelab,"January 1st 2020","January 1st 2023",13,"1,132"
"Adrian Kuegel",grimoirelab,"April 1st 2018","January 1st 2023",20,"1,024"
"George Karpenkov",grimoirelab,"January 1st 2019","January 1st 2023",17,999
"Eugene Zhulenev",grimoirelab,"April 1st 2018","January 1st 2023",20,955
"Mehdi Amini",grimoirelab,"October 1st 2018","January 1st 2023",22,900
"Jacques Pienaar",grimoirelab,"April 1st 2018","January 1st 2023",20,893
"River Riddle",grimoirelab,"October 1st 2018","April 1st 2021",12,888
"Scott Zhu",grimoirelab,"April 1st 2018","January 1st 2023",20,864
"Peter Hawkins",grimoirelab,"April 1st 2018","January 1st 2023",21,833
"Amit Patankar",grimoirelab,"April 1st 2018","July 1st 2021",14,793
"Dan Moldovan",grimoirelab,"April 1st 2018","April 1st 2022",17,752
"Benjamin Kramer",grimoirelab,"April 1st 2018","January 1st 2023",20,732
"Gunhan Gulsoy",grimoirelab,"April 1st 2018","October 1st 2020",12,728
"Sanjoy Das",grimoirelab,"April 1st 2018","January 1st 2022",20,725
"Smit Hinsu",grimoirelab,"April 1st 2018","January 1st 2023",22,707
"Jiri Simsa",grimoirelab,"April 1st 2018","January 1st 2023",25,647
"Justin Lebar",grimoirelab,"April 1st 2018","January 1st 2023",17,629
"Derek Murray",grimoirelab,"April 1st 2018","April 1st 2020",10,615
"Allen Lavoie",grimoirelab,"April 1st 2018","July 1st 2022",17,596
"Christian Sigg",grimoirelab,"January 1st 2019","October 1st 2022",17,596
"Deven Desai",grimoirelab,"January 1st 2019","January 1st 2022",17,522
"Andy Ly",grimoirelab,"October 1st 2018","July 1st 2021",12,518
"Karim Nosir",grimoirelab,"October 1st 2018","July 1st 2022",16,512
"Alexander Belyaev",grimoirelab,"July 1st 2019","January 1st 2023",15,509
"Advait Jain",grimoirelab,"October 1st 2019","January 1st 2023",17,506
"Gaurav Jain",grimoirelab,"October 1st 2018","April 1st 2021",10,483
"Andrew Audibert",grimoirelab,"April 1st 2019","January 1st 2023",16,461
"Goldie Gadde",grimoirelab,"October 1st 2018","April 1st 2021",11,455
"Jared Duke",grimoirelab,"April 1st 2018","July 1st 2021",14,452
"Rick Chao",grimoirelab,"October 1st 2018","January 1st 2023",17,450
"Anna R",grimoirelab,"April 1st 2018","October 1st 2020",11,441
"Reed Wanderman-Milne",grimoirelab,"April 1st 2018","January 1st 2023",20,439
"Frederic Bastien",grimoirelab,"April 1st 2019","October 1st 2022",14,437
"Mark Daoust",grimoirelab,"April 1st 2018","January 1st 2023",20,427
"Nicolas Vasilache",grimoirelab,"July 1st 2018","October 1st 2020",8,418
"Lei Zhang",grimoirelab,"October 1st 2018","January 1st 2021",9,417
"Katherine Wu",grimoirelab,"April 1st 2018","January 1st 2023",21,408
"Jaesung Chung",grimoirelab,"July 1st 2019","October 1st 2022",14,397
"Akshay Modi",grimoirelab,"April 1st 2018","October 1st 2020",14,395
bhack,grimoirelab,"April 1st 2018","January 1st 2023",14,391
"Kaixi Hou",grimoirelab,"January 1st 2019","October 1st 2022",16,382
"Rahul Joshi",grimoirelab,"April 1st 2020","January 1st 2023",11,382
"Edward Loper",grimoirelab,"January 1st 2019","July 1st 2022",16,376
"Feng Liu",grimoirelab,"July 1st 2018","January 1st 2022",15,376
"Terry Heo",grimoirelab,"July 1st 2019","January 1st 2023",15,373
"Fei Hu",grimoirelab,"July 1st 2018","January 1st 2020",8,371
"Yifei Feng",grimoirelab,"April 1st 2018","April 1st 2020",18,358
"Yang Chen",grimoirelab,"April 1st 2021","January 1st 2023",8,355
"Francois Chollet",grimoirelab,"April 1st 2018","January 1st 2023",20,352
"Robert David",grimoirelab,"July 1st 2019","October 1st 2022",14,346
"Yunxing Dai",grimoirelab,"April 1st 2018","July 1st 2021",14,344
"Stephan Herhut",grimoirelab,"April 1st 2019","January 1st 2023",16,340
"Tim Shen",grimoirelab,"July 1st 2018","October 1st 2022",16,340
"Pavithra Vijay",grimoirelab,"April 1st 2018","October 1st 2020",11,335
"Ran Chen",grimoirelab,"January 1st 2020","October 1st 2021",8,332
"Renjie Liu",grimoirelab,"January 1st 2019","October 1st 2021",12,330
"Austin Anderson",grimoirelab,"April 1st 2018","January 1st 2023",20,329
"Guangda Lai",grimoirelab,"April 1st 2018","January 1st 2021",17,328
"Trevor Morris",grimoirelab,"July 1st 2018","January 1st 2023",11,328
"Rohan Jain",grimoirelab,"April 1st 2018","October 1st 2022",17,322
"Tres Popp",grimoirelab,"July 1st 2019","January 1st 2023",15,317
"Alex Zinenko",grimoirelab,"October 1st 2018","October 1st 2021",11,316
"Frank Chen",grimoirelab,"April 1st 2018","April 1st 2021",13,315
"Zhenyu Tan",grimoirelab,"April 1st 2018","October 1st 2020",11,308
"Alexandre Passos",grimoirelab,"April 1st 2018","July 1st 2020",10,307
"Bixia Zheng",grimoirelab,"April 1st 2018","October 1st 2022",19,303
"Saurabh Saxena",grimoirelab,"April 1st 2018","October 1st 2021",14,302
"Thai Nguyen",grimoirelab,"July 1st 2019","January 1st 2023",15,302
"Antonio Sanchez",grimoirelab,"April 1st 2021","January 1st 2023",8,301
"Chao Mei",grimoirelab,"April 1st 2019","April 1st 2022",13,298
"Ken Franko",grimoirelab,"October 1st 2019","January 1st 2023",14,295
"David Majnemer",grimoirelab,"April 1st 2018","January 1st 2023",20,294
"Yuanzhong Xu",grimoirelab,"April 1st 2018","October 1st 2022",18,294
"Haoliang Zhang",grimoirelab,"January 1st 2019","January 1st 2023",17,292
"Vignesh Kothapalli",grimoirelab,"July 1st 2020","October 1st 2021",8,290
"Fergus Henderson",grimoirelab,"July 1st 2020","January 1st 2023",11,288
"Prakalp Srivastava",grimoirelab,"April 1st 2019","October 1st 2021",11,275
"Brian Zhao",grimoirelab,"July 1st 2019","April 1st 2021",6,272
"Faizan Muhammad",grimoirelab,"July 1st 2021","January 1st 2023",7,272
"Uday Bondhugula",grimoirelab,"April 1st 2018","January 1st 2022",14,268
"Jian Li",grimoirelab,"July 1st 2018","October 1st 2021",14,267
"Jean-Baptiste Lespiau",grimoirelab,"October 1st 2020","January 1st 2023",10,265
"Frederik Gossen",grimoirelab,"October 1st 2021","January 1st 2023",6,263
"Skye Wanderman-Milne",grimoirelab,"April 1st 2018","January 1st 2023",19,257
"Võ Văn Nghĩa",grimoirelab,"April 1st 2020","January 1st 2021",4,252
"Jose Baiocchi",grimoirelab,"July 1st 2019","April 1st 2022",12,251
"Yu-Cheng Ling",grimoirelab,"April 1st 2018","April 1st 2022",14,248
"Yash Katariya",grimoirelab,"April 1st 2018","January 1st 2023",21,246
"Kuangyuan Chen",grimoirelab,"April 1st 2020","January 1st 2023",12,242
"Taehee Jeong",grimoirelab,"July 1st 2019","October 1st 2022",14,241
"Ruoxin Sang",grimoirelab,"April 1st 2018","January 1st 2023",20,239
"Blake Hechtman",grimoirelab,"April 1st 2018","January 1st 2023",20,236
"Haoyu Zhang",grimoirelab,"January 1st 2019","January 1st 2023",17,234
"Berkin Ilbeyi",grimoirelab,"July 1st 2019","January 1st 2023",15,232
"Thomas O'Malley",grimoirelab,"January 1st 2019","January 1st 2021",9,231
"Andrew Selle",grimoirelab,"April 1st 2018","October 1st 2021",16,230
"Penporn Koanantakool",grimoirelab,"October 1st 2018","January 1st 2023",24,227
"Yuefeng Zhou",grimoirelab,"April 1st 2018","July 1st 2022",17,226
"Nat Jeffries",grimoirelab,"July 1st 2019","January 1st 2022",16,225
"Ben Barsdell",grimoirelab,"April 1st 2018","January 1st 2023",20,224
"Xiao Yu",grimoirelab,"January 1st 2019","January 1st 2023",15,223
frreiss,grimoirelab,"July 1st 2018","April 1st 2020",8,222
"Michael Case",grimoirelab,"April 1st 2018","October 1st 2019",5,218
"Nupur Garg",grimoirelab,"April 1st 2018","April 1st 2020",9,214
"Laura Pak",grimoirelab,"January 1st 2021","January 1st 2023",9,213
"Brian Atkinson",grimoirelab,"July 1st 2019","January 1st 2020",3,208
"Benoit Jacob",grimoirelab,"April 1st 2019","April 1st 2022",8,206
"Yanhua Sun",grimoirelab,"July 1st 2019","October 1st 2022",11,206
"Elena Zhelezina",grimoirelab,"July 1st 2019","October 1st 2020",6,201
"Martin Wicke",grimoirelab,"April 1st 2018","October 1st 2022",19,200
"Chris Lattner",grimoirelab,"April 1st 2018","July 1st 2019",6,198
"Yan Facai (颜发才)",grimoirelab,"April 1st 2018","April 1st 2019",7,198
"Marat Dukhan",grimoirelab,"January 1st 2020","January 1st 2023",13,196
"Russell Power",grimoirelab,"April 1st 2018","January 1st 2023",15,195
"Sachin Joglekar",grimoirelab,"October 1st 2018","January 1st 2022",14,195
"Sergei Lebedev",grimoirelab,"April 1st 2018","January 1st 2022",12,194
"Chris Jones",grimoirelab,"October 1st 2018","January 1st 2023",16,193
"Samuel Marks",grimoirelab,"October 1st 2020","October 1st 2021",4,192
"Mahmoud Abuzaina",grimoirelab,"April 1st 2018","October 1st 2022",19,191
"Hye Soo Yang",grimoirelab,"April 1st 2019","April 1st 2021",9,190
"Lukas Geiger",grimoirelab,"April 1st 2018","October 1st 2022",16,190
"Tamas Bela Feher",grimoirelab,"October 1st 2019","July 1st 2022",12,189
"Pete Warden",grimoirelab,"April 1st 2018","July 1st 2021",17,188
"Rachel Lim",grimoirelab,"April 1st 2018","July 1st 2020",11,185
"HanBin Yoon",grimoirelab,"July 1st 2020","July 1st 2022",8,179
"Peng Wang",grimoirelab,"January 1st 2019","January 1st 2023",17,178
"Shanqing Cai",grimoirelab,"April 1st 2018","April 1st 2021",12,178
"Ayush Dubey",grimoirelab,"April 1st 2018","January 1st 2021",12,176
"Yanan Cao",grimoirelab,"April 1st 2018","January 1st 2020",8,174
"Billy Lamberta",grimoirelab,"April 1st 2018","October 1st 2021",13,170
"Eugene Brevdo",grimoirelab,"April 1st 2018","October 1st 2021",15,169
"Michael Gester",grimoirelab,"January 1st 2020","January 1st 2023",13,168
"Suharsh Sivakumar",grimoirelab,"April 1st 2018","July 1st 2020",11,167
"Jun Xu",grimoirelab,"January 1st 2021","January 1st 2023",9,162
"Kibeom Kim",grimoirelab,"July 1st 2019","October 1st 2021",10,161
"TensorFlow Release Automation",grimoirelab,"April 1st 2019","January 1st 2023",16,159
"Meghna Natraj",grimoirelab,"October 1st 2019","July 1st 2022",12,158
"Koan-Sin Tan",grimoirelab,"April 1st 2018","October 1st 2022",18,157
"Johannes Reifferscheid",grimoirelab,"July 1st 2022","January 1st 2023",3,155
"Isha Arkatkar",grimoirelab,"January 1st 2021","January 1st 2023",7,152
"Anjali Sridhar",grimoirelab,"April 1st 2018","October 1st 2020",11,150
"Jiho Choi",grimoirelab,"January 1st 2020","April 1st 2021",6,148
"David Dunleavy",grimoirelab,"July 1st 2022","January 1st 2023",3,147
"Tong Shen",grimoirelab,"July 1st 2018","January 1st 2020",7,147
"Daniel Nguyen",grimoirelab,"April 1st 2020","July 1st 2020",2,146
"Jay Shi",grimoirelab,"April 1st 2020","October 1st 2021",7,145
"Trent Lo",grimoirelab,"April 1st 2019","July 1st 2021",10,145
"Yanhui Liang",grimoirelab,"October 1st 2018","January 1st 2021",10,144
"Yujing Zhang",grimoirelab,"July 1st 2019","January 1st 2022",10,144
"MLIR Team",grimoirelab,"April 1st 2018","October 1st 2019",7,143
"Tomer Kaftan",grimoirelab,"July 1st 2019","October 1st 2021",9,143
"Sagun Bajra",grimoirelab,"July 1st 2021","January 1st 2023",7,142
"Bruce Fontaine",grimoirelab,"January 1st 2019","January 1st 2023",17,140
"Geoffrey Martin-Noble",grimoirelab,"January 1st 2019","January 1st 2022",13,140
"Marcello Maggioni",grimoirelab,"April 1st 2020","January 1st 2023",11,134
"Eugene Burmako",grimoirelab,"July 1st 2019","January 1st 2023",8,133
"Sundeep Gottipati",grimoirelab,"April 1st 2019","July 1st 2019",4,133
"Tom Hennigan",grimoirelab,"April 1st 2018","January 1st 2023",20,133
"Priya Gupta",grimoirelab,"April 1st 2018","October 1st 2020",9,132
"Nick Kreeger",grimoirelab,"July 1st 2018","April 1st 2021",11,131
"Chuanhao Zhuge",grimoirelab,"July 1st 2020","January 1st 2023",10,130
"Igor Ganichev",grimoirelab,"April 1st 2018","January 1st 2020",8,130
"Måns Nilsson",grimoirelab,"January 1st 2020","October 1st 2021",7,130
"Revan Sopher",grimoirelab,"July 1st 2018","January 1st 2021",12,130
"Asim Shankar",grimoirelab,"April 1st 2018","January 1st 2019",6,129
"Monica Song",grimoirelab,"October 1st 2020","January 1st 2023",10,128
"Pooya Davoodi",grimoirelab,"October 1st 2018","January 1st 2020",6,128
"Roman Dzhabarov",grimoirelab,"October 1st 2020","January 1st 2023",9,128
"Thibaut Goetghebuer-Planchon",grimoirelab,"July 1st 2020","January 1st 2023",11,127
"Tiezhen WANG",grimoirelab,"July 1st 2018","April 1st 2021",12,127
nammbash,grimoirelab,"October 1st 2018","July 1st 2021",10,125
"Ashutosh Hathidara",grimoirelab,"January 1st 2020","April 1st 2021",3,123
"Juhyun Lee",grimoirelab,"January 1st 2019","October 1st 2022",15,123
"Shashi Shekhar",grimoirelab,"April 1st 2018","January 1st 2019",4,123
"Amit Srivastava",grimoirelab,"January 1st 2019","July 1st 2019",3,121
"Dan Suh",grimoirelab,"April 1st 2022","January 1st 2023",4,121
"Patrice Vignola",grimoirelab,"April 1st 2021","October 1st 2022",7,120
"Robert Suderman",grimoirelab,"October 1st 2019","January 1st 2023",13,119
"tg-at-google",grimoirelab,"April 1st 2020","July 1st 2020",2,116
"Wen-Heng (Jack) Chung",grimoirelab,"April 1st 2018","October 1st 2019",7,115
"Sami Kama",grimoirelab,"April 1st 2018","January 1st 2021",9,114
kushanam,grimoirelab,"April 1st 2020","July 1st 2022",8,114
"Matt Callanan",grimoirelab,"January 1st 2022","January 1st 2023",5,113
"Wilsin Gosti",grimoirelab,"October 1st 2021","January 1st 2023",6,113
"Xinyi Wang",grimoirelab,"April 1st 2020","January 1st 2023",12,112
"Sourabh Bajaj",grimoirelab,"April 1st 2018","April 1st 2019",5,111
"T.J. Alumbaugh",grimoirelab,"July 1st 2019","April 1st 2021",8,111
mdfaijul,grimoirelab,"October 1st 2018","January 1st 2023",17,110
"Chenkai Kuang",grimoirelab,"January 1st 2020","July 1st 2021",7,108
"Katherine Tian",grimoirelab,"April 1st 2020","July 1st 2020",2,108
"Yair Ehrenwald",grimoirelab,"April 1st 2020","January 1st 2021",4,108
"Yunlu Li",grimoirelab,"July 1st 2018","July 1st 2021",12,108
gracehoney,grimoirelab,"April 1st 2018","July 1st 2018",2,108
"Alex Stark",grimoirelab,"July 1st 2019","January 1st 2021",6,107
"Tzu-Wei Sung",grimoirelab,"July 1st 2020","January 1st 2021",3,107
"Duncan Riach",grimoirelab,"October 1st 2018","April 1st 2022",15,105
"Henry Tan",grimoirelab,"January 1st 2019","October 1st 2020",7,105
"Nathan Luehr",grimoirelab,"July 1st 2018","January 1st 2023",14,104
"Thomas Joerg",grimoirelab,"April 1st 2018","January 1st 2023",14,104
amturati,grimoirelab,"April 1st 2020","July 1st 2020",3,104
"Alan Liu",grimoirelab,"January 1st 2022","October 1st 2022",6,103
wenxizhu,grimoirelab,"October 1st 2018","July 1st 2019",4,102
"Dimitris Vardoulakis",grimoirelab,"April 1st 2018","October 1st 2022",18,101
"Michael Kuperstein",grimoirelab,"April 1st 2018","January 1st 2023",6,100
"Shivani Agrawal",grimoirelab,"April 1st 2018","July 1st 2021",8,100
"Niranjan Hasabnis",grimoirelab,"April 1st 2018","July 1st 2020",10,99
"AG Ramesh",grimoirelab,"April 1st 2018","January 1st 2021",8,98
"Anish Tondwalkar",grimoirelab,"April 1st 2021","January 1st 2023",8,97
"Emilio Cota",grimoirelab,"October 1st 2021","January 1st 2023",6,97
"Sean Silva",grimoirelab,"April 1st 2018","October 1st 2021",10,97
"Geeta Chavan",grimoirelab,"October 1st 2019","July 1st 2021",8,96
"Qiao Zhang",grimoirelab,"April 1st 2020","January 1st 2023",11,96
"Guozhong Zhuang",grimoirelab,"April 1st 2018","January 1st 2022",16,94
"Edward Schwartz",grimoirelab,"July 1st 2021","January 1st 2023",7,93
"Vinila S",grimoirelab,"July 1st 2022","January 1st 2023",3,93
"ddavis-2015",grimoirelab,"October 1st 2020","April 1st 2021",4,93
"Michael Delorimier",grimoirelab,"October 1st 2020","January 1st 2023",10,91
Siju,grimoirelab,"October 1st 2018","July 1st 2019",5,91
"Weiyi Wang",grimoirelab,"October 1st 2021","January 1st 2023",6,91
"Todd Wang",grimoirelab,"July 1st 2018","October 1st 2018",3,90
"Alan Kelly",grimoirelab,"October 1st 2021","January 1st 2023",6,89
"Yasuhiro Matsumoto",grimoirelab,"January 1st 2019","January 1st 2022",8,89
"Pankaj Kanwar",grimoirelab,"July 1st 2020","January 1st 2023",9,88
"Jason Zaman",grimoirelab,"April 1st 2018","October 1st 2021",12,87
"Nick Felt",grimoirelab,"April 1st 2018","October 1st 2022",21,87
"Parker Schuh",grimoirelab,"October 1st 2019","January 1st 2023",8,85
"Anlun Xu",grimoirelab,"July 1st 2022","January 1st 2023",3,84
"Matt Watson",grimoirelab,"January 1st 2021","July 1st 2022",8,82
"Tianrun Li",grimoirelab,"October 1st 2020","October 1st 2022",9,82
"Yi Situ",grimoirelab,"January 1st 2020","April 1st 2021",6,82
"Abolfazl Shahbazi",grimoirelab,"January 1st 2019","April 1st 2022",11,81
"Ce Zheng",grimoirelab,"April 1st 2020","January 1st 2023",12,80
"Changhui Lin",grimoirelab,"July 1st 2021","October 1st 2022",6,80
"Clayne Robison",grimoirelab,"April 1st 2018","January 1st 2020",8,80
"ANSHUMAN TRIPATHY",grimoirelab,"January 1st 2019","July 1st 2020",8,79
"Mahesh Ravishankar",grimoirelab,"April 1st 2019","October 1st 2021",8,79
"Lu Wang",grimoirelab,"January 1st 2019","April 1st 2022",13,78
"YoungSeok Yoon",grimoirelab,"July 1st 2019","January 1st 2022",11,78
"Dero Gharibian",grimoirelab,"January 1st 2019","April 1st 2021",8,76
"James Ring",grimoirelab,"October 1st 2018","October 1st 2019",6,76
"Chen Qian",grimoirelab,"January 1st 2021","October 1st 2022",8,75
"David Rim",grimoirelab,"October 1st 2019","January 1st 2023",13,75
"Jens Elofsson",grimoirelab,"January 1st 2019","January 1st 2021",10,75
"Philipp Hack",grimoirelab,"April 1st 2021","January 1st 2023",8,75
"Chia-hung Duan",grimoirelab,"October 1st 2021","April 1st 2022",3,73
"Jeremy Lau",grimoirelab,"April 1st 2018","January 1st 2021",13,73
"Li, Guizi",grimoirelab,"July 1st 2018","April 1st 2020",8,73
"Mark Heffernan",grimoirelab,"April 1st 2018","January 1st 2019",4,73
"Matthias Kramm",grimoirelab,"July 1st 2021","January 1st 2023",7,73
"Juanli Shen",grimoirelab,"January 1st 2021","January 1st 2023",9,72
"Stella Laurenzo",grimoirelab,"January 1st 2019","July 1st 2022",13,72
"Vishnuvardhan Janapati",grimoirelab,"April 1st 2019","January 1st 2022",8,72
"Zhoulong Jiang",grimoirelab,"July 1st 2020","January 1st 2023",6,72
"Jing Pu",grimoirelab,"April 1st 2019","April 1st 2022",11,71
"Songyi Han",grimoirelab,"October 1st 2021","January 1st 2023",6,71
rsun,grimoirelab,"October 1st 2020","April 1st 2021",3,71
"James Keeling",grimoirelab,"April 1st 2018","October 1st 2022",9,69
"Brennan Saeta",grimoirelab,"April 1st 2018","April 1st 2019",6,68
"Juan Martinez Castellanos",grimoirelab,"July 1st 2022","January 1st 2023",3,68
"Nitin Srinivasan",grimoirelab,"October 1st 2021","January 1st 2023",6,68
"Yishuang Pang",grimoirelab,"April 1st 2022","January 1st 2023",4,67
jerryyin,grimoirelab,"January 1st 2019","July 1st 2020",7,67
"Brian Patton",grimoirelab,"April 1st 2018","April 1st 2021",11,66
"Ilia Sergachev",grimoirelab,"July 1st 2022","January 1st 2023",3,66
"Bhavani Subramanian",grimoirelab,"October 1st 2018","July 1st 2022",5,65
"Patrik Laurell",grimoirelab,"April 1st 2020","April 1st 2021",5,65
"Srinivas Vasudevan",grimoirelab,"July 1st 2019","October 1st 2022",13,65
azazhu,grimoirelab,"April 1st 2021","July 1st 2021",2,65
"Ashwin Murthy",grimoirelab,"April 1st 2019","April 1st 2020",5,63
"Lucy Fox",grimoirelab,"October 1st 2019","October 1st 2020",5,63
zilinzhu,grimoirelab,"January 1st 2020","January 1st 2021",4,63
"Anudhyan Boral",grimoirelab,"October 1st 2018","July 1st 2021",9,62
"Oleg Shyshkov",grimoirelab,"July 1st 2022","January 1st 2023",3,62
geetachavan1,grimoirelab,"October 1st 2019","July 1st 2021",6,61
"Aart Bik",grimoirelab,"October 1st 2019","January 1st 2023",9,60
"Hanhan Wang",grimoirelab,"October 1st 2019","July 1st 2022",8,60
"HyoukJoong Lee",grimoirelab,"April 1st 2018","April 1st 2021",11,60
"Matt Conley",grimoirelab,"July 1st 2018","January 1st 2022",9,60
"Stefano Galarraga",grimoirelab,"July 1st 2019","October 1st 2021",10,60
"learning-to-play",grimoirelab,"April 1st 2022","January 1st 2023",3,60
"Chuan He",grimoirelab,"January 1st 2020","January 1st 2023",12,59
"Rohit Santhanam",grimoirelab,"July 1st 2020","January 1st 2023",10,59
"Andrew Goodbody",grimoirelab,"January 1st 2021","January 1st 2023",7,58
"Igor Saprykin",grimoirelab,"April 1st 2018","July 1st 2019",4,58
"Michael Banfield",grimoirelab,"July 1st 2018","April 1st 2022",15,58
"Davide Libenzi",grimoirelab,"October 1st 2018","April 1st 2020",7,57
"Jianwei Xie",grimoirelab,"April 1st 2018","July 1st 2021",9,57
"Wenhao Jia",grimoirelab,"January 1st 2019","April 1st 2022",11,57
xiaohong1031,grimoirelab,"April 1st 2020","April 1st 2021",5,57
"Akshay Agrawal",grimoirelab,"April 1st 2018","July 1st 2018",2,56
"Itai Zukerman",grimoirelab,"April 1st 2021","October 1st 2022",7,56
"Jonathan Hseu",grimoirelab,"April 1st 2018","July 1st 2020",12,56
"Xingyu Long",grimoirelab,"April 1st 2020","July 1st 2020",3,56
amoitra,grimoirelab,"April 1st 2019","July 1st 2022",6,56
DEKHTIARJonathan,grimoirelab,"January 1st 2020","October 1st 2022",11,55
"Khanh LeViet",grimoirelab,"July 1st 2019","April 1st 2022",12,55
"Tamara Norman",grimoirelab,"October 1st 2018","April 1st 2020",6,55
"Taylor Robie",grimoirelab,"April 1st 2018","January 1st 2020",7,55
"Xiaoming (Jason) Cui",grimoirelab,"July 1st 2018","July 1st 2022",12,55
"Zhi An Ng",grimoirelab,"January 1st 2022","January 1st 2023",5,55
"Jonas Eschle 'Mayou36",grimoirelab,"January 1st 2021","October 1st 2021",4,54
"Sandeep Dasgupta",grimoirelab,"October 1st 2021","January 1st 2023",6,54
"Aden Grue",grimoirelab,"July 1st 2021","April 1st 2022",4,53
"Jeremy Meredith",grimoirelab,"January 1st 2021","January 1st 2023",9,53
"Mingming Liu",grimoirelab,"January 1st 2019","July 1st 2021",8,53
"Siju Samuel",grimoirelab,"October 1st 2018","July 1st 2019",4,53
"Sergii Khomenko",grimoirelab,"April 1st 2018","July 1st 2021",11,52
"Clive Verghese",grimoirelab,"July 1st 2022","January 1st 2023",3,51
"Gauri1 Deshpande",grimoirelab,"April 1st 2020","January 1st 2023",11,51
"Jonathan Chu",grimoirelab,"July 1st 2020","July 1st 2020",1,51
"Daniel Ellis",grimoirelab,"October 1st 2020","July 1st 2022",8,50
"Daniel Situnayake",grimoirelab,"July 1st 2019","April 1st 2021",6,50
"Eugene Kuznetsov",grimoirelab,"October 1st 2019","January 1st 2021",5,50
"Jie Sun",grimoirelab,"July 1st 2022","January 1st 2023",3,50
"Kazuaki Ishizaki",grimoirelab,"July 1st 2019","January 1st 2023",9,50
"Alexander Grund",grimoirelab,"October 1st 2019","January 1st 2023",9,49
"Artem Belevich",grimoirelab,"October 1st 2018","July 1st 2022",10,49
"Jingyue Wu",grimoirelab,"April 1st 2018","January 1st 2023",18,49
mbhuiyan,grimoirelab,"April 1st 2018","January 1st 2021",9,49
"Dmitri Gribenko",grimoirelab,"April 1st 2022","January 1st 2023",4,48
"Karmel Allison",grimoirelab,"April 1st 2018","July 1st 2020",10,48
"Srinivasan Narayanamoorthy",grimoirelab,"April 1st 2020","January 1st 2023",10,48
"Vojtech Bardiovsky",grimoirelab,"January 1st 2019","January 1st 2020",5,48
"Dong Lin",grimoirelab,"January 1st 2019","October 1st 2020",7,47
"Ian Langmore",grimoirelab,"April 1st 2018","October 1st 2022",11,47
"RJ Skerry-Ryan",grimoirelab,"April 1st 2019","April 1st 2022",10,47
"Rahul Huilgol",grimoirelab,"October 1st 2019","April 1st 2020",3,47
"rahul-kamat",grimoirelab,"April 1st 2020","July 1st 2020",2,47
"srinivasan.narayanamoorthy",grimoirelab,"January 1st 2019","January 1st 2020",5,47
"Denis Khalikov",grimoirelab,"January 1st 2019","October 1st 2019",4,46
"Goran Flegar",grimoirelab,"April 1st 2022","October 1st 2022",3,46
"Samuel Lee",grimoirelab,"July 1st 2022","January 1st 2023",3,46
"Yixing Fu",grimoirelab,"April 1st 2020","July 1st 2020",4,46
"Cesar Crusius",grimoirelab,"January 1st 2020","July 1st 2021",7,45
"Fiona Lang",grimoirelab,"October 1st 2022","January 1st 2023",2,45
"Youlong Cheng",grimoirelab,"April 1st 2018","January 1st 2020",8,45
"Adrian Garcia Badaracco",grimoirelab,"January 1st 2020","July 1st 2021",6,43
"Bas Aarts",grimoirelab,"April 1st 2019","April 1st 2021",9,43
"Benoit Steiner",grimoirelab,"April 1st 2018","April 1st 2018",2,43
"Doe Hyun Yoon",grimoirelab,"July 1st 2018","January 1st 2021",11,43
"Grzegorz Pawelczak",grimoirelab,"April 1st 2018","April 1st 2019",5,43
"Karthik Muthuraman",grimoirelab,"April 1st 2019","July 1st 2019",2,43
"Rohit Upadhyaya",grimoirelab,"April 1st 2021","January 1st 2023",8,43
"Sachin Prasad",grimoirelab,"January 1st 2022","January 1st 2023",5,43
"Matt Kreileder",grimoirelab,"July 1st 2022","January 1st 2023",3,42
"William D. Irons",grimoirelab,"April 1st 2018","January 1st 2020",8,42
"Xin Zhou",grimoirelab,"April 1st 2022","January 1st 2023",4,42
"Zhufeng Pan",grimoirelab,"October 1st 2022","January 1st 2023",2,42
"Diego Caballero",grimoirelab,"July 1st 2019","July 1st 2022",6,41
"Dmitry Zakharov",grimoirelab,"January 1st 2020","July 1st 2020",3,41
"James Qin",grimoirelab,"April 1st 2018","October 1st 2020",7,41
"Jieying Luo",grimoirelab,"October 1st 2022","January 1st 2023",2,41
"Taré Gaskin",grimoirelab,"April 1st 2020","July 1st 2020",2,41
"Tatiana Shpeisman",grimoirelab,"April 1st 2018","April 1st 2021",8,41
"Zachary Garrett",grimoirelab,"January 1st 2019","July 1st 2022",9,41
annarev,grimoirelab,"April 1st 2018","January 1st 2021",4,41
manhyuk,grimoirelab,"April 1st 2018","January 1st 2019",3,41
"Dateng Lin",grimoirelab,"July 1st 2022","January 1st 2023",3,40
"Rajeshwar Reddy T",grimoirelab,"April 1st 2019","April 1st 2022",9,40
"Ryan Kuester",grimoirelab,"October 1st 2020","April 1st 2021",3,40
"Xunkai Zhang",grimoirelab,"April 1st 2019","July 1st 2021",9,40
autoih,grimoirelab,"July 1st 2019","January 1st 2020",3,40
fsx950223,grimoirelab,"July 1st 2019","July 1st 2021",9,40
"Dinghua Li",grimoirelab,"July 1st 2021","January 1st 2023",6,39
"He Jiang",grimoirelab,"July 1st 2022","January 1st 2023",3,39
"Jake Harmon",grimoirelab,"July 1st 2022","January 1st 2023",3,38
"Kun-Lu",grimoirelab,"April 1st 2021","January 1st 2023",5,38
"Victor Stone",grimoirelab,"April 1st 2022","January 1st 2023",4,38
"Abdurrahman Akkas",grimoirelab,"July 1st 2019","January 1st 2023",14,37
"Dayananda-V",grimoirelab,"January 1st 2019","July 1st 2019",3,37
"HARI SHANKAR",grimoirelab,"January 1st 2019","January 1st 2019",1,37
"Mbah-Javis",grimoirelab,"October 1st 2019","January 1st 2020",2,37
"Peter Buchlovsky",grimoirelab,"July 1st 2018","January 1st 2023",9,37
"Rob Suderman",grimoirelab,"January 1st 2019","October 1st 2022",9,37
"Robert Neale",grimoirelab,"October 1st 2018","January 1st 2023",9,37
"Xinan Jiang",grimoirelab,"January 1st 2019","April 1st 2021",10,37
shashvatshahi1998,grimoirelab,"January 1st 2019","April 1st 2019",2,37
"Aditya Kane",grimoirelab,"January 1st 2021","October 1st 2022",3,36
"George Necula",grimoirelab,"January 1st 2021","January 1st 2023",6,36
"Tongfei Guo",grimoirelab,"July 1st 2021","January 1st 2023",7,36
"Xuechen Li",grimoirelab,"April 1st 2018","July 1st 2018",2,36
"ag.ramesh",grimoirelab,"July 1st 2019","January 1st 2023",9,36
saishruthi,grimoirelab,"April 1st 2019","July 1st 2019",2,36
"Haitang Hu",grimoirelab,"January 1st 2020","January 1st 2023",12,35
"Manu Seth",grimoirelab,"April 1st 2022","October 1st 2022",5,35
"Sachin Muradi",grimoirelab,"October 1st 2021","January 1st 2023",5,35
"Swachhand Lokhande",grimoirelab,"July 1st 2022","January 1st 2023",3,35
"Tayo Oguntebi",grimoirelab,"April 1st 2018","July 1st 2022",10,35
VoVAllen,grimoirelab,"January 1st 2020","July 1st 2020",3,35
WindQAQ,grimoirelab,"July 1st 2020","January 1st 2021",2,35
"Alan Chiao",grimoirelab,"April 1st 2018","April 1st 2020",8,34
"Amit Sabne",grimoirelab,"April 1st 2019","October 1st 2022",7,34
"David Norman",grimoirelab,"April 1st 2018","July 1st 2019",8,34
"Dmitry Volodin",grimoirelab,"April 1st 2020","October 1st 2020",3,34
"Kay Zhu",grimoirelab,"April 1st 2018","January 1st 2019",5,34
Sami,grimoirelab,"April 1st 2019","January 1st 2020",4,34
"Tomás Longeri",grimoirelab,"October 1st 2022","January 1st 2023",2,34
"karl@kubx.ca",grimoirelab,"April 1st 2018","October 1st 2018",3,34
"Bangda Zhou",grimoirelab,"April 1st 2021","January 1st 2023",7,33
"Bekzhan Bekbolatuly",grimoirelab,"July 1st 2022","January 1st 2023",3,33
"Benjamin Chetioui",grimoirelab,"July 1st 2020","January 1st 2023",3,33
"Brian Wieder",grimoirelab,"October 1st 2022","January 1st 2023",2,33
"Hiran Sarkar",grimoirelab,"January 1st 2021","April 1st 2021",2,33
"Jared Junyoung Lim",grimoirelab,"January 1st 2022","January 1st 2023",5,33
Reed,grimoirelab,"April 1st 2019","October 1st 2021",7,33
"Ryan Nett",grimoirelab,"January 1st 2021","July 1st 2021",4,33
ShengYang1,grimoirelab,"July 1st 2019","January 1st 2021",7,33
"Shiva Shahrokhi",grimoirelab,"October 1st 2021","July 1st 2022",4,33
Stephan,grimoirelab,"October 1st 2020","January 1st 2021",2,33
"sana-damani",grimoirelab,"January 1st 2019","April 1st 2019",2,33
wangsiyu,grimoirelab,"April 1st 2018","January 1st 2021",5,33
"Andy Davis",grimoirelab,"April 1st 2019","October 1st 2019",3,32
"Anton Dmitriev",grimoirelab,"July 1st 2018","October 1st 2018",2,32
"Christopher Bate",grimoirelab,"July 1st 2021","October 1st 2022",5,32
"Hongmin Fan",grimoirelab,"October 1st 2020","July 1st 2022",8,32
"Pranav Marathe",grimoirelab,"April 1st 2019","April 1st 2019",1,32
"Qianli Scott Zhu",grimoirelab,"April 1st 2018","October 1st 2022",6,32
"Yongfeng Gu",grimoirelab,"July 1st 2019","July 1st 2019",1,32
"Yuqi Li",grimoirelab,"April 1st 2020","July 1st 2022",9,32
imsheridan,grimoirelab,"April 1st 2018","April 1st 2018",1,32
"Allen Wang",grimoirelab,"April 1st 2020","July 1st 2022",9,31
"Jing Dong",grimoirelab,"January 1st 2019","January 1st 2022",10,31
"Marissa Ikonomidis",grimoirelab,"April 1st 2020","January 1st 2023",10,31
Oceania2018,grimoirelab,"January 1st 2020","January 1st 2021",4,31
"Peter Ma",grimoirelab,"July 1st 2018","July 1st 2022",8,31
"Sung Jin Hwang",grimoirelab,"April 1st 2018","July 1st 2021",10,31
XingyuLong,grimoirelab,"April 1st 2020","April 1st 2020",1,31
hari,grimoirelab,"October 1st 2018","January 1st 2019",2,31
"Albin Joy",grimoirelab,"January 1st 2019","April 1st 2019",2,30
"Gabriel Rasskin",grimoirelab,"April 1st 2020","October 1st 2022",3,30
"Gunhyun Park",grimoirelab,"July 1st 2022","January 1st 2023",3,30
"Hyeonjong Ryu",grimoirelab,"January 1st 2020","October 1st 2021",8,30
"Jinliang Wei",grimoirelab,"January 1st 2020","October 1st 2022",11,30
"Joe Fernandez",grimoirelab,"October 1st 2021","October 1st 2022",5,30
"Juho Ha",grimoirelab,"July 1st 2019","July 1st 2021",7,30
"Karl Lessard",grimoirelab,"April 1st 2018","April 1st 2019",5,30
"Philip Pham",grimoirelab,"July 1st 2018","October 1st 2022",9,30
"Richard Uhler",grimoirelab,"July 1st 2020","April 1st 2021",4,30
"Wenyi Zhao",grimoirelab,"April 1st 2021","July 1st 2021",4,30
"avijit-nervana",grimoirelab,"July 1st 2018","October 1st 2018",2,30
msteknoadam,grimoirelab,"October 1st 2019","January 1st 2020",3,30
"Andr? Susano Pinto",grimoirelab,"January 1st 2019","October 1st 2019",4,29
"Gaurav Singh",grimoirelab,"January 1st 2020","April 1st 2020",2,29
"Ilya Persky",grimoirelab,"January 1st 2020","July 1st 2020",2,29
"Jeff Daily",grimoirelab,"April 1st 2019","January 1st 2020",4,29
"Mingsheng Hong",grimoirelab,"April 1st 2018","January 1st 2021",6,29
"Shining Sun",grimoirelab,"October 1st 2018","July 1st 2019",4,29
"Teng Lu",grimoirelab,"April 1st 2020","April 1st 2021",4,29
"joel-shor",grimoirelab,"April 1st 2018","April 1st 2018",1,29
ngc92,grimoirelab,"April 1st 2018","July 1st 2020",4,29
pvarouktsis,grimoirelab,"April 1st 2020","April 1st 2021",5,29
Jie,grimoirelab,"April 1st 2018","July 1st 2018",2,28
"Loo Rong Jie",grimoirelab,"April 1st 2018","January 1st 2019",3,28
"Mangpo Phothilimthana",grimoirelab,"July 1st 2020","January 1st 2023",10,28
"Sidong-Wei",grimoirelab,"April 1st 2020","July 1st 2021",4,28
"Aliia Khasanova",grimoirelab,"July 1st 2022","January 1st 2023",3,27
"Fredrik Knutsson",grimoirelab,"January 1st 2019","January 1st 2022",10,27
"K Yasaswi Sri Chandra Gandhi",grimoirelab,"January 1st 2019","January 1st 2019",1,27
"Kulin Seth",grimoirelab,"January 1st 2021","January 1st 2023",5,27
"Milos Puzovic",grimoirelab,"January 1st 2022","October 1st 2022",6,27
"Mohammed Anany",grimoirelab,"October 1st 2022","January 1st 2023",2,27
"William Chargin",grimoirelab,"January 1st 2019","April 1st 2021",9,27
"Yuxin Wu",grimoirelab,"April 1st 2018","January 1st 2023",10,27
"Grant Jensen",grimoirelab,"July 1st 2022","January 1st 2023",3,26
nikochiko,grimoirelab,"October 1st 2019","January 1st 2020",2,26
Amit,grimoirelab,"January 1st 2019","January 1st 2019",1,25
"Evgeniy Polyakov",grimoirelab,"April 1st 2018","January 1st 2021",7,25
"Fabien Hertschuh",grimoirelab,"January 1st 2022","January 1st 2023",5,25
HotPotatoC,grimoirelab,"October 1st 2019","January 1st 2020",3,25
"Jakub Jatczak",grimoirelab,"October 1st 2020","October 1st 2020",1,25
"Jerry Shih",grimoirelab,"July 1st 2019","January 1st 2021",3,25
"Loren Maggiore",grimoirelab,"July 1st 2019","January 1st 2023",9,25
"Phillip Kravtsov",grimoirelab,"July 1st 2019","July 1st 2019",1,25
fo40225,grimoirelab,"April 1st 2018","January 1st 2022",11,25
"Chenguang Wang",grimoirelab,"July 1st 2021","January 1st 2023",6,24
"Dmitry Kovalev",grimoirelab,"July 1st 2019","April 1st 2021",7,24
"Ihor Indyk",grimoirelab,"April 1st 2019","October 1st 2022",8,24
"Lukas Folle",grimoirelab,"April 1st 2019","July 1st 2019",2,24
"Mustafa Ispir",grimoirelab,"April 1st 2018","January 1st 2019",4,24
"Pan Daoxin",grimoirelab,"July 1st 2018","January 1st 2019",3,24
"Paul Chiang",grimoirelab,"July 1st 2021","January 1st 2022",3,24
"Paul Donnelly",grimoirelab,"July 1st 2018","January 1st 2021",9,24
"Sheng, Yang",grimoirelab,"January 1st 2021","October 1st 2022",5,24
"Yasir Modak",grimoirelab,"April 1st 2019","January 1st 2023",11,24
tenglu,grimoirelab,"January 1st 2019","April 1st 2020",5,24
"Jason Furmanek",grimoirelab,"July 1st 2018","October 1st 2022",6,23
"Mingxing Tan",grimoirelab,"April 1st 2018","October 1st 2020",8,23
"Sergey Kozub",grimoirelab,"July 1st 2022","January 1st 2023",3,23
"Srujun Thanmay Gupta",grimoirelab,"January 1st 2022","January 1st 2023",5,23
"Tian Lin",grimoirelab,"April 1st 2019","April 1st 2021",9,23
"Yun Peng",grimoirelab,"April 1st 2018","October 1st 2022",7,23
stevenireeves,grimoirelab,"January 1st 2021","October 1st 2021",5,23
"Bairen Yi",grimoirelab,"July 1st 2018","January 1st 2021",11,22
"Hyeontaek Lim",grimoirelab,"January 1st 2022","January 1st 2023",3,22
"Jonathan Dekhtiar",grimoirelab,"April 1st 2021","April 1st 2022",5,22
"Jorge Gorbe Moya",grimoirelab,"April 1st 2022","January 1st 2023",3,22
"Justine Tunney",grimoirelab,"April 1st 2018","April 1st 2018",1,22
"Mason Chang",grimoirelab,"January 1st 2023","January 1st 2023",1,22
"Peng Sun",grimoirelab,"July 1st 2019","April 1st 2020",5,22
"Scott Main",grimoirelab,"January 1st 2019","October 1st 2022",12,22
"Supriya Rao",grimoirelab,"October 1st 2018","January 1st 2019",2,22
"Toby Boyd",grimoirelab,"July 1st 2018","July 1st 2020",5,22
"Vinila Settem",grimoirelab,"July 1st 2022","January 1st 2023",3,22
jacco,grimoirelab,"October 1st 2019","July 1st 2020",4,22
"Andiry Xu",grimoirelab,"October 1st 2018","July 1st 2021",7,21
"Anthony Platanios",grimoirelab,"January 1st 2019","July 1st 2020",3,21
"Basit Ayantunde",grimoirelab,"July 1st 2019","July 1st 2020",4,21
"Brian Lee",grimoirelab,"January 1st 2019","April 1st 2020",3,21
"Catherine Payne",grimoirelab,"July 1st 2021","January 1st 2023",7,21
"Dayeong Lee",grimoirelab,"January 1st 2020","January 1st 2022",4,21
"Evgenii Zheltonozhskii",grimoirelab,"April 1st 2019","April 1st 2020",3,21
"Frederic Rechtenstein",grimoirelab,"October 1st 2019","October 1st 2022",8,21
"Ilham Firdausi Putra",grimoirelab,"July 1st 2019","July 1st 2019",1,21
"Imran Salam",grimoirelab,"April 1st 2019","July 1st 2019",2,21
"Jakob Buchgraber",grimoirelab,"January 1st 2020","July 1st 2020",3,21
"Jeffrey Poznanovic",grimoirelab,"October 1st 2018","April 1st 2019",3,21
"Marvin Kim",grimoirelab,"January 1st 2021","October 1st 2022",6,21
"Michael Kuchnik",grimoirelab,"July 1st 2020","October 1st 2020",2,21
"Nathan John Sircombe",grimoirelab,"October 1st 2021","January 1st 2023",6,21
"Son Tuan Vu",grimoirelab,"October 1st 2022","January 1st 2023",2,21
"Stephan Lee",grimoirelab,"October 1st 2018","January 1st 2021",5,21
"Steve Nesae",grimoirelab,"October 1st 2018","October 1st 2018",1,21
"Umer Javed",grimoirelab,"October 1st 2022","January 1st 2023",2,21
gerbauz,grimoirelab,"October 1st 2020","January 1st 2021",2,21
yuanbopeng,grimoirelab,"July 1st 2020","October 1st 2020",2,21
"Aurelien Geron",grimoirelab,"April 1st 2018","January 1st 2019",3,20
"Cong Liu",grimoirelab,"October 1st 2018","April 1st 2019",3,20
"Gurpreet singh",grimoirelab,"January 1st 2019","April 1st 2019",2,20
"Jenni Kilduff",grimoirelab,"January 1st 2020","October 1st 2022",4,20
"Jian Cai",grimoirelab,"July 1st 2022","January 1st 2023",3,20
"Koki Ibukuro",grimoirelab,"October 1st 2019","July 1st 2021",4,20
"Owen L - SFE",grimoirelab,"October 1st 2019","January 1st 2020",2,20
"Parsa Bagheri",grimoirelab,"April 1st 2022","April 1st 2022",2,20
"Sergio Guadarrama",grimoirelab,"April 1st 2018","January 1st 2022",10,20
"Yilei Yang",grimoirelab,"July 1st 2019","October 1st 2022",8,20
ahmedsabie,grimoirelab,"July 1st 2020","October 1st 2020",2,20
andreii,grimoirelab,"January 1st 2022","October 1st 2022",4,20
danielyou0230,grimoirelab,"July 1st 2020","July 1st 2020",1,20
"guozhong.zhuang",grimoirelab,"July 1st 2021","January 1st 2023",6,20
mohantym,grimoirelab,"October 1st 2021","October 1st 2022",5,20
pranve,grimoirelab,"July 1st 2021","April 1st 2022",6,20
"Anirudh Sriram",grimoirelab,"October 1st 2019","April 1st 2022",8,19
"Ashish Shenoy",grimoirelab,"January 1st 2023","January 1st 2023",1,19
Byambaa,grimoirelab,"January 1st 2020","January 1st 2020",1,19
"Ilya Biryukov",grimoirelab,"April 1st 2018","October 1st 2018",3,19
"James Molloy",grimoirelab,"July 1st 2018","October 1st 2019",2,19
"Kaustubh Maske Patil",grimoirelab,"October 1st 2019","January 1st 2020",2,19
"Lev Proleev",grimoirelab,"July 1st 2019","October 1st 2021",6,19
"Olivia Nordquist",grimoirelab,"April 1st 2018","July 1st 2018",2,19
"Thomas Walther",grimoirelab,"January 1st 2021","January 1st 2021",1,19
"bodin-e",grimoirelab,"January 1st 2019","April 1st 2019",2,19
8bitmp3,grimoirelab,"October 1st 2019","October 1st 2022",8,18
"Adam Cogdell",grimoirelab,"July 1st 2022","January 1st 2023",3,18
"Aleksey Vitebskiy",grimoirelab,"July 1st 2020","October 1st 2020",2,18
"Alexander Bosch",grimoirelab,"April 1st 2021","July 1st 2021",2,18
"Augie Fackler",grimoirelab,"January 1st 2022","January 1st 2023",4,18
"Bing Hu",grimoirelab,"January 1st 2022","January 1st 2023",5,18
"Chao Chen",grimoirelab,"July 1st 2022","January 1st 2023",4,18
"Dheeraj Rajaram Reddy",grimoirelab,"October 1st 2018","January 1st 2019",2,18
"Georgiy Manuilov",grimoirelab,"October 1st 2020","October 1st 2021",4,18
"Haifeng Jin",grimoirelab,"July 1st 2019","January 1st 2022",5,18
Harsh188,grimoirelab,"July 1st 2020","January 1st 2021",3,18
"Hyojun Kim",grimoirelab,"April 1st 2021","April 1st 2022",5,18
"Kanvi Khanna",grimoirelab,"July 1st 2021","January 1st 2023",6,18
"Patrick Nguyen",grimoirelab,"April 1st 2018","July 1st 2018",2,18
"RJ Ryan",grimoirelab,"April 1st 2018","January 1st 2019",4,18
"Ramesh Sampath",grimoirelab,"July 1st 2021","January 1st 2023",5,18
"William Zhang",grimoirelab,"October 1st 2019","October 1st 2019",1,18
"Xiaoquan Kong",grimoirelab,"October 1st 2018","July 1st 2021",4,18
"Yaning Liang",grimoirelab,"April 1st 2022","October 1st 2022",3,18
"Alina Sbirlea",grimoirelab,"April 1st 2018","October 1st 2022",9,17
"Cao Zongyan",grimoirelab,"July 1st 2018","April 1st 2019",2,17
"Chao Xie",grimoirelab,"July 1st 2019","January 1st 2022",6,17
"Hongkun Yu",grimoirelab,"January 1st 2019","October 1st 2021",8,17
"Jaehong Kim",grimoirelab,"July 1st 2019","January 1st 2022",6,17
"Joshua V. Dillon",grimoirelab,"April 1st 2018","July 1st 2019",4,17
"Logan Chien",grimoirelab,"July 1st 2019","July 1st 2022",5,17
"Louis Sugy",grimoirelab,"October 1st 2021","July 1st 2022",4,17
"Mehmet Deveci",grimoirelab,"January 1st 2020","January 1st 2021",5,17
"Nishidha Panpaliya",grimoirelab,"April 1st 2018","January 1st 2022",6,17
"Rasmus Munk Larsen",grimoirelab,"April 1st 2018","July 1st 2019",5,17
"Srihari Humbarwadi",grimoirelab,"October 1st 2019","April 1st 2020",2,17
"Tamas Nyiri",grimoirelab,"April 1st 2020","July 1st 2020",2,17
"Vinu Rajashekhar",grimoirelab,"April 1st 2018","July 1st 2021",7,17
"Vishakha Agrawal",grimoirelab,"July 1st 2020","October 1st 2020",2,17
jhalakp,grimoirelab,"April 1st 2019","April 1st 2019",1,17
lyonguyen8697,grimoirelab,"January 1st 2020","January 1st 2020",1,17
rmothukuru,grimoirelab,"October 1st 2020","July 1st 2021",3,17
settle,grimoirelab,"April 1st 2020","April 1st 2020",1,17
sushreebarsa,grimoirelab,"October 1st 2021","July 1st 2022",4,17
"Aleksandr Nikolaev",grimoirelab,"January 1st 2021","July 1st 2021",5,16
"Chris Leary",grimoirelab,"April 1st 2018","October 1st 2020",5,16
"Ehsan Toosi",grimoirelab,"October 1st 2019","July 1st 2020",4,16
"Eric Schweitz",grimoirelab,"July 1st 2019","October 1st 2019",2,16
"Ian Hua",grimoirelab,"April 1st 2022","January 1st 2023",4,16
"Jacky Ko",grimoirelab,"April 1st 2018","October 1st 2018",2,16
"Kris Tonthat",grimoirelab,"January 1st 2022","January 1st 2023",3,16
"Michael Melesse",grimoirelab,"July 1st 2021","January 1st 2022",3,16
abhichou4,grimoirelab,"April 1st 2020","July 1st 2020",2,16
"captain-pool",grimoirelab,"July 1st 2019","July 1st 2019",1,16
gurpreetsingh9465,grimoirelab,"April 1st 2019","April 1st 2019",1,16
marload,grimoirelab,"January 1st 2020","October 1st 2020",3,16
"“jaketae”",grimoirelab,"January 1st 2020","January 1st 2020",1,16
"Abhineet Choudhary",grimoirelab,"April 1st 2020","July 1st 2020",2,15
"Alexey Radul",grimoirelab,"July 1st 2018","October 1st 2020",6,15
"Anthony Barbier",grimoirelab,"July 1st 2019","January 1st 2020",2,15
"Ben Vanik",grimoirelab,"January 1st 2019","April 1st 2021",6,15
"Dan Osipov",grimoirelab,"April 1st 2018","April 1st 2018",2,15
DarrenZhang01,grimoirelab,"July 1st 2020","July 1st 2020",1,15
FlashTek,grimoirelab,"January 1st 2019","April 1st 2019",2,15
"François Chollet",grimoirelab,"January 1st 2019","April 1st 2021",7,15
"Geoffrey Irving",grimoirelab,"April 1st 2018","April 1st 2019",5,15
"Jae H. Yoo",grimoirelab,"October 1st 2019","January 1st 2023",6,15
"Luke Boyer",grimoirelab,"July 1st 2022","January 1st 2023",3,15
"Mark McDonald",grimoirelab,"July 1st 2021","October 1st 2022",6,15
"Meng, Peng",grimoirelab,"October 1st 2018","April 1st 2020",2,15
"Moses Marin",grimoirelab,"April 1st 2019","April 1st 2019",1,15
"Rahul Batra",grimoirelab,"April 1st 2022","October 1st 2022",3,15
"Reza Rahimi",grimoirelab,"April 1st 2021","October 1st 2021",3,15
"Thomas Köppe",grimoirelab,"July 1st 2020","January 1st 2023",7,15
"Wang,Quintin",grimoirelab,"July 1st 2021","October 1st 2021",2,15
"William Muir",grimoirelab,"July 1st 2021","January 1st 2022",3,15
"Yifan Jiang",grimoirelab,"April 1st 2022","January 1st 2023",4,15
"Younghee Kwon",grimoirelab,"April 1st 2018","April 1st 2018",1,15
"Yu Feng",grimoirelab,"April 1st 2021","January 1st 2023",6,15
"Ziyin Huang",grimoirelab,"January 1st 2022","January 1st 2023",4,15
formath,grimoirelab,"April 1st 2018","January 1st 2019",3,15
jojimonv,grimoirelab,"January 1st 2020","January 1st 2020",1,15
"pak-laura",grimoirelab,"October 1st 2022","October 1st 2022",1,15
shwetaoj,grimoirelab,"April 1st 2020","October 1st 2020",2,15
"902449@58880@bigcat_chen@ASIC",grimoirelab,"April 1st 2020","July 1st 2020",2,14
"Ajay P",grimoirelab,"April 1st 2020","April 1st 2020",1,14
"Amy Skerry-Ryan",grimoirelab,"July 1st 2019","July 1st 2021",6,14
"Guillaume Klein",grimoirelab,"April 1st 2018","July 1st 2021",9,14
"I-Hong",grimoirelab,"April 1st 2019","July 1st 2019",2,14
"Li-Wen Chang",grimoirelab,"October 1st 2021","January 1st 2022",2,14
"Marius Brehler",grimoirelab,"July 1st 2020","July 1st 2022",7,14
MichaelKonobeev,grimoirelab,"October 1st 2018","January 1st 2020",5,14
PENGWA,grimoirelab,"April 1st 2018","July 1st 2018",2,14
"Piotr Padlewski",grimoirelab,"July 1st 2018","July 1st 2018",1,14
"Pulkit Bhuwalka",grimoirelab,"October 1st 2018","July 1st 2021",6,14
"Puneeth K",grimoirelab,"January 1st 2020","January 1st 2020",2,14
"Rasul Karimov",grimoirelab,"October 1st 2019","January 1st 2020",3,14
"Richard Mcknight",grimoirelab,"July 1st 2021","July 1st 2022",4,14
"Rickard Hallerbäck",grimoirelab,"October 1st 2022","October 1st 2022",1,14
"Rohan Reddy",grimoirelab,"January 1st 2020","April 1st 2020",2,14
"Zeno Gantner",grimoirelab,"January 1st 2021","January 1st 2021",2,14
aweers,grimoirelab,"January 1st 2019","April 1st 2019",2,14
"dependabot[bot]",grimoirelab,"October 1st 2020","April 1st 2021",2,14
dmitrievanthony,grimoirelab,"July 1st 2018","January 1st 2019",3,14
jgehw,grimoirelab,"July 1st 2020","July 1st 2021",3,14
lipracer,grimoirelab,"July 1st 2021","April 1st 2022",3,14
piyushdatta,grimoirelab,"April 1st 2020","October 1st 2020",3,14
"Abhijit Karmarkar",grimoirelab,"April 1st 2018","July 1st 2022",8,13
"Adam Hillier",grimoirelab,"April 1st 2020","April 1st 2021",4,13
AdityaKane2001,grimoirelab,"April 1st 2021","April 1st 2021",1,13
"Andrew Cavanaugh",grimoirelab,"January 1st 2020","April 1st 2020",3,13
"Andrés Bercowsky",grimoirelab,"July 1st 2022","July 1st 2022",1,13
"Hristo Vrigazov",grimoirelab,"October 1st 2019","January 1st 2020",2,13
"Jeffrey A. Dean",grimoirelab,"April 1st 2019","October 1st 2022",7,13
"Jiawei Xia",grimoirelab,"July 1st 2022","January 1st 2023",3,13
"Kevin Gleason",grimoirelab,"October 1st 2022","January 1st 2023",2,13
"Lucas Hendren",grimoirelab,"January 1st 2019","January 1st 2019",1,13
"Marcel Koester",grimoirelab,"October 1st 2019","April 1st 2020",3,13
"Martin Kubovčík",grimoirelab,"April 1st 2020","January 1st 2021",2,13
"Meenakshi Venkataraman",grimoirelab,"July 1st 2021","October 1st 2022",4,13
"Milan Straka",grimoirelab,"October 1st 2019","October 1st 2020",4,13
"Pete Blacker",grimoirelab,"April 1st 2019","July 1st 2019",3,13
"Raghuraman Krishnamoorthi",grimoirelab,"April 1st 2018","October 1st 2018",3,13
"Rajkumar Samuel",grimoirelab,"April 1st 2021","January 1st 2022",3,13
"Randy Dodgen",grimoirelab,"January 1st 2019","January 1st 2021",6,13
"Roy Frostig",grimoirelab,"April 1st 2018","January 1st 2022",5,13
Saduf2019,grimoirelab,"January 1st 2021","January 1st 2022",5,13
"Zichuan Wei",grimoirelab,"July 1st 2022","January 1st 2023",3,13
abhilash1910,grimoirelab,"April 1st 2021","July 1st 2021",2,13
archis,grimoirelab,"July 1st 2019","January 1st 2020",3,13
drpngx,grimoirelab,"April 1st 2018","January 1st 2019",4,13
liuyuanqiang,grimoirelab,"July 1st 2021","January 1st 2023",8,13
"long.chen",grimoirelab,"October 1st 2021","January 1st 2022",2,13
pkanwar23,grimoirelab,"April 1st 2019","October 1st 2022",4,13
"qqq.jq",grimoirelab,"October 1st 2020","October 1st 2020",1,13
shuw,grimoirelab,"April 1st 2022","October 1st 2022",2,13
"Aavishkar Mishra",grimoirelab,"April 1st 2020","October 1st 2020",4,12
"Alexey Romanov",grimoirelab,"July 1st 2019","July 1st 2019",1,12
"Amogh Joshi",grimoirelab,"January 1st 2021","April 1st 2021",2,12
"Ashiq Imran",grimoirelab,"January 1st 2022","October 1st 2022",3,12
"Chenliang Xu",grimoirelab,"July 1st 2020","April 1st 2022",4,12
"Daniil Kutz",grimoirelab,"October 1st 2022","October 1st 2022",1,12
"James Mullenbach",grimoirelab,"April 1st 2022","January 1st 2023",4,12
"Jinzhe Zeng",grimoirelab,"January 1st 2020","April 1st 2022",4,12
"Kevin Cheng",grimoirelab,"January 1st 2021","October 1st 2021",3,12
"Kilaru Yasaswi Sri Chandra Gandhi",grimoirelab,"April 1st 2019","April 1st 2020",3,12
"Kwabena W. Agyeman",grimoirelab,"April 1st 2019","January 1st 2020",3,12
"Lasse Espeholt",grimoirelab,"July 1st 2018","July 1st 2019",4,12
"Luke Wood",grimoirelab,"July 1st 2021","January 1st 2023",4,12
"Ma, Guokai",grimoirelab,"January 1st 2019","April 1st 2019",2,12
"Nan Wei",grimoirelab,"April 1st 2022","January 1st 2023",4,12
"Nick Desaulniers",grimoirelab,"April 1st 2018","July 1st 2018",2,12
"Noah Eisen",grimoirelab,"April 1st 2018","January 1st 2019",4,12
"Paul Andrey",grimoirelab,"July 1st 2019","January 1st 2020",3,12
"Rama Ketineni",grimoirelab,"October 1st 2020","July 1st 2021",3,12
"Shaochen Shi",grimoirelab,"October 1st 2018","January 1st 2021",5,12
"Shilpa Krish",grimoirelab,"October 1st 2021","April 1st 2022",3,12
"Steenu Johnson",grimoirelab,"April 1st 2020","July 1st 2020",2,12
"Steven I Reeves",grimoirelab,"April 1st 2021","January 1st 2022",4,12
"Yanbo Liang",grimoirelab,"April 1st 2018","July 1st 2018",2,12
"Yunlong Liu",grimoirelab,"April 1st 2022","January 1st 2023",4,12
"Yves-Noel Weweler",grimoirelab,"October 1st 2018","October 1st 2018",1,12
boron,grimoirelab,"October 1st 2019","January 1st 2020",2,12
nrstott,grimoirelab,"April 1st 2018","July 1st 2018",2,12
"ouyang jin",grimoirelab,"October 1st 2019","April 1st 2020",2,12
sleighsoft,grimoirelab,"April 1st 2019","April 1st 2019",1,12
xxxx001,grimoirelab,"April 1st 2018","April 1st 2018",2,12
"(David) Siu-Kei Muk",grimoirelab,"April 1st 2018","July 1st 2018",2,11
"Andrew Fitzgibbon",grimoirelab,"April 1st 2022","April 1st 2022",1,11
"Chris Knorowski",grimoirelab,"January 1st 2020","April 1st 2020",2,11
Cibifang,grimoirelab,"July 1st 2018","October 1st 2018",2,11
"Daryl Ng",grimoirelab,"July 1st 2018","October 1st 2021",5,11
"David Kao",grimoirelab,"October 1st 2019","January 1st 2021",6,11
"Denali Molitor",grimoirelab,"April 1st 2021","April 1st 2022",4,11
"Eddie Zhou",grimoirelab,"July 1st 2018","April 1st 2019",4,11
"Felix Johnny",grimoirelab,"April 1st 2020","July 1st 2020",2,11
"Ivan Habernal",grimoirelab,"July 1st 2019","July 1st 2019",2,11
Jacky,grimoirelab,"April 1st 2018","January 1st 2019",2,11
Jake,grimoirelab,"July 1st 2022","October 1st 2022",2,11
"Keith Rush",grimoirelab,"January 1st 2019","July 1st 2022",8,11
Pariksheet,grimoirelab,"January 1st 2019","April 1st 2019",2,11
"Robert Kalmar",grimoirelab,"April 1st 2021","April 1st 2022",5,11
"Ron Shapiro",grimoirelab,"January 1st 2021","January 1st 2023",4,11
"Sharada Shiddibhavi",grimoirelab,"April 1st 2020","July 1st 2020",2,11
"Suraj Sudhir",grimoirelab,"October 1st 2020","April 1st 2021",3,11
"Thor Johnsen",grimoirelab,"July 1st 2018","October 1st 2018",2,11
"Yating Jing",grimoirelab,"January 1st 2022","October 1st 2022",4,11
"Yimei Sun",grimoirelab,"July 1st 2020","July 1st 2022",7,11
"Yulv-git",grimoirelab,"April 1st 2022","April 1st 2022",1,11
"Zhuo Peng",grimoirelab,"July 1st 2019","April 1st 2021",6,11
"bigcat-himax",grimoirelab,"April 1st 2020","July 1st 2020",4,11
george,grimoirelab,"April 1st 2021","April 1st 2022",4,11
mandroid6,grimoirelab,"January 1st 2019","January 1st 2019",1,11
margaretmz,grimoirelab,"July 1st 2018","October 1st 2018",2,11
unda,grimoirelab,"January 1st 2023","January 1st 2023",1,11
vcarpani,grimoirelab,"January 1st 2019","January 1st 2020",5,11
weidankong,grimoirelab,"July 1st 2018","July 1st 2018",1,11
yunfeima,grimoirelab,"July 1st 2020","October 1st 2020",2,11
1e100,grimoirelab,"January 1st 2019","January 1st 2019",1,10
"Adam Lanicek",grimoirelab,"July 1st 2021","January 1st 2022",3,10
"Adam Paszke",grimoirelab,"July 1st 2021","October 1st 2022",5,10
"Ashwin Phadke",grimoirelab,"July 1st 2020","October 1st 2020",2,10
"Bernhard Bauer",grimoirelab,"July 1st 2022","January 1st 2023",3,10
"Deepak B",grimoirelab,"October 1st 2018","October 1st 2018",2,10
"Denis Vnukov",grimoirelab,"October 1st 2018","April 1st 2022",7,10
"Dustin Tran",grimoirelab,"April 1st 2018","October 1st 2018",3,10
"Hao Xiong",grimoirelab,"October 1st 2020","April 1st 2021",4,10
"Jake VanderPlas",grimoirelab,"April 1st 2021","October 1st 2022",6,10
"James Wexler",grimoirelab,"April 1st 2018","April 1st 2018",2,10
"Julian Niedermeier",grimoirelab,"October 1st 2018","April 1st 2019",2,10
"Keith Smiley",grimoirelab,"April 1st 2020","July 1st 2022",2,10
"Mark Collier",grimoirelab,"July 1st 2018","January 1st 2019",4,10
"Mark Ryan",grimoirelab,"April 1st 2018","January 1st 2019",4,10
"Mohammadreza Heydary",grimoirelab,"July 1st 2022","January 1st 2023",3,10
MrinalTyagi,grimoirelab,"July 1st 2021","October 1st 2021",2,10
Naurril,grimoirelab,"April 1st 2018","July 1st 2018",2,10
"Paige Bailey",grimoirelab,"January 1st 2019","July 1st 2020",5,10
"Pedro Marques",grimoirelab,"October 1st 2020","April 1st 2021",3,10
"Peng YU",grimoirelab,"April 1st 2018","July 1st 2018",2,10
"Scott Wegner",grimoirelab,"July 1st 2019","July 1st 2022",7,10
"Shixin Li",grimoirelab,"October 1st 2022","January 1st 2023",2,10
"Shlomi Regev",grimoirelab,"July 1st 2020","April 1st 2021",4,10
"Soila Kavulya",grimoirelab,"April 1st 2018","July 1st 2018",2,10
"Sunita Nadampalli",grimoirelab,"April 1st 2022","January 1st 2023",3,10
"Thomas Li",grimoirelab,"October 1st 2021","October 1st 2021",2,10
"Thomas Schmeyer",grimoirelab,"April 1st 2021","January 1st 2022",3,10
"Vincent ABRIOU",grimoirelab,"January 1st 2020","January 1st 2021",3,10
"Yin Zhang",grimoirelab,"July 1st 2022","January 1st 2023",3,10
angusluo,grimoirelab,"January 1st 2020","January 1st 2020",1,10
jedlimlx,grimoirelab,"January 1st 2020","July 1st 2020",3,10
olicht,grimoirelab,"July 1st 2018","October 1st 2018",2,10
retonym,grimoirelab,"July 1st 2020","July 1st 2020",1,10
steven,grimoirelab,"July 1st 2018","October 1st 2018",2,10
tilakrayal,grimoirelab,"October 1st 2021","October 1st 2022",4,10
tomas,grimoirelab,"January 1st 2020","April 1st 2020",2,10
"Aakar Dwivedi",grimoirelab,"July 1st 2022","January 1st 2023",3,9
"Adria Puigdomenech",grimoirelab,"April 1st 2018","October 1st 2019",4,9
"Angus-Luo",grimoirelab,"January 1st 2020","April 1st 2020",2,9
"Arian Arfaian",grimoirelab,"October 1st 2022","January 1st 2023",2,9
Ben,grimoirelab,"April 1st 2018","January 1st 2021",3,9
Bharat123rox,grimoirelab,"April 1st 2019","April 1st 2020",2,9
"Brett Koonce",grimoirelab,"April 1st 2018","October 1st 2019",5,9
"Bryan Cutler",grimoirelab,"October 1st 2018","April 1st 2020",4,9
"Dave Moore",grimoirelab,"July 1st 2020","April 1st 2021",4,9
"David Davis",grimoirelab,"October 1st 2020","October 1st 2020",2,9
"Dominic Jack",grimoirelab,"October 1st 2019","October 1st 2020",3,9
"Emily Fertig",grimoirelab,"January 1st 2020","April 1st 2022",4,9
"Felix Fent",grimoirelab,"July 1st 2020","October 1st 2020",2,9
"Giorgio Arena",grimoirelab,"July 1st 2019","April 1st 2020",4,9
"Hoeseong Kim",grimoirelab,"July 1st 2018","January 1st 2019",3,9
"Håkon Sandsmark",grimoirelab,"July 1st 2019","July 1st 2021",7,9
"Ilya Tokar",grimoirelab,"October 1st 2019","January 1st 2022",7,9
"James Bradbury",grimoirelab,"January 1st 2020","October 1st 2022",5,9
"Jerry Ge",grimoirelab,"July 1st 2022","January 1st 2023",3,9
"Jin Young Sohn",grimoirelab,"July 1st 2019","July 1st 2021",5,9
"Joe Bowser",grimoirelab,"April 1st 2019","April 1st 2019",1,9
"Jonah Kohn",grimoirelab,"April 1st 2020","July 1st 2020",2,9
"Junpeng Lao",grimoirelab,"April 1st 2018","April 1st 2018",1,9
"Justin Szaday",grimoirelab,"January 1st 2023","January 1st 2023",1,9
Lamar,grimoirelab,"October 1st 2019","January 1st 2020",2,9
"Liam Miller-Cushon",grimoirelab,"April 1st 2020","October 1st 2022",5,9
"Matej Rizman",grimoirelab,"October 1st 2018","January 1st 2021",6,9
"Mengzhen Sun",grimoirelab,"October 1st 2021","April 1st 2022",3,9
"Misha Brukman",grimoirelab,"July 1st 2018","January 1st 2022",2,9
Musikisomorphie,grimoirelab,"January 1st 2019","April 1st 2019",2,9
"Quentin Khan",grimoirelab,"October 1st 2022","October 1st 2022",1,9
"Shan Han",grimoirelab,"July 1st 2021","October 1st 2022",4,9
"Shashank Gupta",grimoirelab,"January 1st 2019","April 1st 2019",2,9
"Somyajit Chakraborty Sam",grimoirelab,"October 1st 2019","October 1st 2019",1,9
Supernovae,grimoirelab,"October 1st 2021","October 1st 2021",1,9
"Suyog Gupta",grimoirelab,"July 1st 2018","April 1st 2019",3,9
"Tony Wang",grimoirelab,"April 1st 2018","April 1st 2018",1,9
"Vijay Vasudevan",grimoirelab,"July 1st 2018","July 1st 2020",5,9
"Vikram Dattu",grimoirelab,"April 1st 2020","October 1st 2020",2,9
"Vishal Subbiah",grimoirelab,"October 1st 2019","July 1st 2020",5,9
"Yao Zhang",grimoirelab,"April 1st 2018","July 1st 2018",2,9
"Yiwen Li",grimoirelab,"April 1st 2020","October 1st 2020",3,9
"Youchuan Hu",grimoirelab,"July 1st 2022","January 1st 2023",3,9
Zantares,grimoirelab,"January 1st 2019","July 1st 2019",3,9
"freedom"" Koan-Sin Tan",grimoirelab,"April 1st 2018","January 1st 2021",5,9
"leslie-fang-intel",grimoirelab,"July 1st 2019","April 1st 2020",3,9
rxsang,grimoirelab,"July 1st 2019","April 1st 2020",3,9
"sumesh udayakumaran",grimoirelab,"January 1st 2019","April 1st 2019",2,9
sunway513,grimoirelab,"January 1st 2019","April 1st 2020",6,9
"vishakha.agrawal",grimoirelab,"October 1st 2020","April 1st 2021",3,9
wamuir,grimoirelab,"January 1st 2021","April 1st 2021",2,9
yuan,grimoirelab,"April 1st 2019","July 1st 2019",2,9
"Arpit Shah",grimoirelab,"October 1st 2018","April 1st 2019",3,8
"Ashay Rane",grimoirelab,"July 1st 2022","January 1st 2023",3,8
"Balint Cristian",grimoirelab,"July 1st 2018","October 1st 2022",7,8
"Benjamin Barenblat",grimoirelab,"October 1st 2018","October 1st 2019",4,8
BlackPeter13,grimoirelab,"January 1st 2023","January 1st 2023",2,8
"Chen Chen",grimoirelab,"October 1st 2019","January 1st 2021",5,8
"Chris Kennelly",grimoirelab,"April 1st 2018","October 1st 2020",3,8
CuiYifeng,grimoirelab,"January 1st 2020","July 1st 2020",3,8
EFanZh,grimoirelab,"April 1st 2018","October 1st 2019",4,8
"Fred Reiss",grimoirelab,"October 1st 2018","July 1st 2019",4,8
"Gleb Popov",grimoirelab,"April 1st 2019","April 1st 2019",1,8
"Harry Slatyer",grimoirelab,"October 1st 2019","January 1st 2021",3,8
"Jake Tae",grimoirelab,"January 1st 2020","April 1st 2020",2,8
"Johan Euphrosine",grimoirelab,"January 1st 2019","October 1st 2019",3,8
"Lakshay Tokas",grimoirelab,"January 1st 2019","July 1st 2020",5,8
"Leslie-Fang",grimoirelab,"July 1st 2019","July 1st 2020",4,8
"Lluis-Miquel Munguia",grimoirelab,"April 1st 2019","April 1st 2020",4,8
Manish,grimoirelab,"January 1st 2020","April 1st 2020",2,8
"Max Galkin",grimoirelab,"April 1st 2018","July 1st 2018",2,8
"Michal W. Tarnowski",grimoirelab,"January 1st 2019","October 1st 2019",3,8
"Natasha Kononenko",grimoirelab,"April 1st 2020","January 1st 2023",5,8
"P Sudeepam",grimoirelab,"January 1st 2019","January 1st 2019",1,8
"Phil Pearl",grimoirelab,"January 1st 2020","April 1st 2020",2,8
"Rahul Garg",grimoirelab,"July 1st 2022","October 1st 2022",2,8
"Rick Wierenga",grimoirelab,"January 1st 2020","January 1st 2020",1,8
"Rishit Dagli",grimoirelab,"April 1st 2020","April 1st 2020",3,8
"Ruocheng Wang",grimoirelab,"July 1st 2021","July 1st 2021",1,8
"Sadeed pv",grimoirelab,"July 1st 2022","July 1st 2022",1,8
"Sayed Hadi Hashemi",grimoirelab,"July 1st 2020","July 1st 2022",5,8
"Serge Panev",grimoirelab,"October 1st 2018","April 1st 2022",4,8
"Sharad Vikram",grimoirelab,"January 1st 2022","July 1st 2022",3,8
"TensorFlow Jenkins",grimoirelab,"July 1st 2022","January 1st 2023",3,8
"Viacheslav Kovalevskyi",grimoirelab,"October 1st 2018","January 1st 2019",2,8
"William-Yin123",grimoirelab,"October 1st 2019","January 1st 2020",3,8
"Zhuoran Liu",grimoirelab,"July 1st 2019","July 1st 2022",4,8
achowdhery,grimoirelab,"July 1st 2018","July 1st 2018",1,8
gadagashwini,grimoirelab,"July 1st 2021","April 1st 2022",3,8
mazharul,grimoirelab,"July 1st 2020","October 1st 2020",2,8
mrTsjolder,grimoirelab,"April 1st 2018","April 1st 2019",4,8
sdamani,grimoirelab,"January 1st 2019","January 1st 2019",1,8
william,grimoirelab,"October 1st 2019","October 1st 2019",1,8
wyzhao,grimoirelab,"April 1st 2019","April 1st 2020",4,8
"yair_ehrenwald",grimoirelab,"July 1st 2020","January 1st 2021",2,8
zhuoryin,grimoirelab,"April 1st 2019","April 1st 2019",1,8
"Abinash Satapathy",grimoirelab,"October 1st 2022","October 1st 2022",1,7
"Alan Green",grimoirelab,"April 1st 2021","April 1st 2021",1,7
"Andrew Stevens",grimoirelab,"April 1st 2020","April 1st 2020",1,7
"Anton Kachatkou",grimoirelab,"July 1st 2019","October 1st 2019",2,7
Avijit,grimoirelab,"July 1st 2018","July 1st 2018",2,7
"Ayush Agrawal",grimoirelab,"January 1st 2019","January 1st 2019",1,7
"Bjarke Hammersholt Roune",grimoirelab,"April 1st 2018","April 1st 2019",3,7
"Cheng Ren",grimoirelab,"October 1st 2019","July 1st 2021",5,7
"Christopher Suter",grimoirelab,"April 1st 2018","April 1st 2020",5,7
"Christopher Yeh",grimoirelab,"April 1st 2019","April 1st 2019",1,7
"Dalmo Cirne",grimoirelab,"April 1st 2018","October 1st 2018",2,7
"Dan Ringwalt",grimoirelab,"April 1st 2018","July 1st 2019",3,7
"Dimitrios Vytiniotis",grimoirelab,"January 1st 2019","January 1st 2019",1,7
"Eli Osherovich",grimoirelab,"January 1st 2021","July 1st 2021",3,7
"Hannes Achleitner",grimoirelab,"April 1st 2020","July 1st 2020",2,7
"Haoyu Wu",grimoirelab,"October 1st 2019","January 1st 2020",4,7
"Irina Bejan",grimoirelab,"July 1st 2019","October 1st 2019",2,7
"Jason Steving",grimoirelab,"July 1st 2022","October 1st 2022",2,7
"Jeff Poznanovic",grimoirelab,"October 1st 2018","October 1st 2019",3,7
"Jonas Skog",grimoirelab,"January 1st 2020","January 1st 2020",1,7
"Jonathan DEKHTIAR",grimoirelab,"January 1st 2020","July 1st 2022",4,7
"Jonathan Shen",grimoirelab,"July 1st 2018","April 1st 2021",4,7
"Kamil Rakoczy",grimoirelab,"April 1st 2020","July 1st 2020",2,7
Lemo,grimoirelab,"July 1st 2021","October 1st 2021",2,7
"Li, Yiqiang",grimoirelab,"April 1st 2018","October 1st 2018",3,7
Mao,grimoirelab,"October 1st 2021","October 1st 2021",1,7
"Mao Yunfei",grimoirelab,"July 1st 2020","January 1st 2021",3,7
"Martijn Vels",grimoirelab,"April 1st 2019","July 1st 2019",2,7
"Marvin Ritter",grimoirelab,"January 1st 2022","October 1st 2022",3,7
"Matthias Springer",grimoirelab,"January 1st 2022","January 1st 2022",1,7
"Maxiwell S. Garcia",grimoirelab,"January 1st 2021","July 1st 2022",7,7
"Michael Hudgins",grimoirelab,"July 1st 2022","October 1st 2022",2,7
MoussaMM,grimoirelab,"January 1st 2020","January 1st 2020",1,7
"Om Thakkar",grimoirelab,"April 1st 2022","October 1st 2022",3,7
"Pariksheet Pinjari",grimoirelab,"January 1st 2019","January 1st 2019",1,7
"Pasquale Minervini",grimoirelab,"April 1st 2019","April 1st 2019",1,7
"Pauline Sho",grimoirelab,"July 1st 2022","October 1st 2022",2,7
"Peng Wu",grimoirelab,"October 1st 2019","October 1st 2019",1,7
"Philipp Jund",grimoirelab,"April 1st 2018","April 1st 2019",4,7
"Prateek Gupta",grimoirelab,"October 1st 2020","April 1st 2021",2,7
Qwerty71,grimoirelab,"January 1st 2020","January 1st 2020",1,7
"R Gomathi",grimoirelab,"July 1st 2019","October 1st 2019",2,7
Rickard,grimoirelab,"July 1st 2020","July 1st 2020",1,7
"Roger Iyengar",grimoirelab,"July 1st 2018","July 1st 2022",3,7
"Rushabh Vasani",grimoirelab,"January 1st 2020","April 1st 2020",2,7
"Sana Damani",grimoirelab,"January 1st 2019","October 1st 2019",4,7
"Scott Todd",grimoirelab,"October 1st 2019","October 1st 2021",4,7
"Shimin Guo",grimoirelab,"July 1st 2018","October 1st 2018",2,7
"Son Tran",grimoirelab,"April 1st 2019","April 1st 2019",1,7
"Soo Sung",grimoirelab,"January 1st 2022","October 1st 2022",4,7
"Taehoon Lee",grimoirelab,"April 1st 2018","July 1st 2019",3,7
ThisIsIsaac,grimoirelab,"April 1st 2019","July 1st 2019",2,7
"Timon Van Overveldt",grimoirelab,"April 1st 2018","April 1st 2022",6,7
Ubuntu,grimoirelab,"October 1st 2018","October 1st 2018",1,7
"Varghese, Jojimon",grimoirelab,"July 1st 2020","January 1st 2022",3,7
"Wenhao Hu",grimoirelab,"April 1st 2018","April 1st 2018",1,7
"Xiaoqiang Zheng",grimoirelab,"April 1st 2018","April 1st 2018",1,7
"Yaniv Blumenfeld",grimoirelab,"October 1st 2018","October 1st 2018",1,7
"Yuan Tang",grimoirelab,"October 1st 2019","October 1st 2020",4,7
"Zaccharie Ramzi",grimoirelab,"July 1st 2019","July 1st 2019",1,7
angerson,grimoirelab,"January 1st 2022","January 1st 2023",4,7
chunduriv,grimoirelab,"October 1st 2021","January 1st 2023",4,7
ctiijima,grimoirelab,"April 1st 2018","January 1st 2019",2,7
ganand1,grimoirelab,"October 1st 2020","January 1st 2021",2,7
justkw,grimoirelab,"April 1st 2020","January 1st 2021",2,7
syedshahbaaz,grimoirelab,"July 1st 2022","January 1st 2023",3,7
zhaozheng09,grimoirelab,"January 1st 2020","October 1st 2022",4,7
"Aadhitya A",grimoirelab,"April 1st 2021","April 1st 2021",1,6
"Adam Wood",grimoirelab,"January 1st 2019","January 1st 2020",3,6
"Ahmed S. Taei",grimoirelab,"January 1st 2020","July 1st 2020",3,6
"Alex Hoffman",grimoirelab,"January 1st 2020","January 1st 2020",1,6
"Amit Kumar Jaiswal",grimoirelab,"January 1st 2019","October 1st 2019",2,6
"Anna Revinskaya",grimoirelab,"October 1st 2018","July 1st 2019",2,6
"Artem Mavrin",grimoirelab,"January 1st 2020","January 1st 2020",2,6
"Aurélien Geron",grimoirelab,"October 1st 2018","July 1st 2022",4,6
"Balaji V. Iyer",grimoirelab,"October 1st 2022","January 1st 2023",2,6
"Ben Mares",grimoirelab,"January 1st 2022","April 1st 2022",2,6
"Biagio Montaruli",grimoirelab,"April 1st 2020","July 1st 2020",2,6
"Chris Ying",grimoirelab,"April 1st 2018","April 1st 2018",1,6
"Cloud Han",grimoirelab,"October 1st 2020","April 1st 2022",2,6
"Dan Zheng",grimoirelab,"April 1st 2019","October 1st 2019",3,6
"Daniel Falbel",grimoirelab,"October 1st 2019","October 1st 2019",1,6
"Denisa Roberts",grimoirelab,"April 1st 2020","October 1st 2020",3,6
"Eli Bendersky",grimoirelab,"April 1st 2018","April 1st 2018",1,6
"Eric Kunze",grimoirelab,"January 1st 2022","October 1st 2022",2,6
"Eric Yang",grimoirelab,"July 1st 2022","October 1st 2022",2,6
"Erik Smistad",grimoirelab,"April 1st 2018","October 1st 2020",3,6
"Florentin Hennecker",grimoirelab,"July 1st 2020","April 1st 2021",2,6
"Gabriel Bender",grimoirelab,"July 1st 2021","July 1st 2022",4,6
"Gaurav Mishra",grimoirelab,"April 1st 2019","April 1st 2019",1,6
Gautam,grimoirelab,"October 1st 2018","January 1st 2019",2,6
"George Grzegorz Pawelczak",grimoirelab,"April 1st 2019","July 1st 2020",5,6
"George Sterpu",grimoirelab,"October 1st 2018","January 1st 2020",5,6
"Giuseppe Rossini",grimoirelab,"October 1st 2019","January 1st 2020",2,6
"Goutham Bhat",grimoirelab,"April 1st 2018","April 1st 2019",3,6
"Greg Billock",grimoirelab,"October 1st 2018","July 1st 2019",4,6
"Guy David",grimoirelab,"October 1st 2019","January 1st 2020",3,6
IrinaM21,grimoirelab,"January 1st 2020","January 1st 2020",1,6
"Jesper Dramsch",grimoirelab,"April 1st 2019","April 1st 2019",2,6
"Joe Yearsley",grimoirelab,"April 1st 2018","July 1st 2018",2,6
Judd,grimoirelab,"January 1st 2020","January 1st 2020",1,6
"Justin DuJardin",grimoirelab,"April 1st 2019","April 1st 2019",1,6
JxKing,grimoirelab,"April 1st 2018","April 1st 2018",1,6
"Konstantin Beluchenko",grimoirelab,"October 1st 2022","January 1st 2023",2,6
"Krishna Haridasan",grimoirelab,"July 1st 2022","October 1st 2022",2,6
"Letian Kang",grimoirelab,"January 1st 2019","January 1st 2019",1,6
"Manas Mohanty",grimoirelab,"October 1st 2022","October 1st 2022",1,6
"Manuel Freiberger",grimoirelab,"July 1st 2019","October 1st 2019",2,6
"Michal Szutenberg",grimoirelab,"January 1st 2021","April 1st 2022",4,6
"Mrinal Jain",grimoirelab,"January 1st 2020","January 1st 2020",1,6
Nishidha,grimoirelab,"April 1st 2018","April 1st 2022",3,6
"Pallavi G",grimoirelab,"July 1st 2019","January 1st 2020",3,6
"Pavel Akhtyamov",grimoirelab,"January 1st 2019","April 1st 2019",2,6
"Petros Mol",grimoirelab,"April 1st 2018","January 1st 2019",2,6
"Prianka Liz Kariat",grimoirelab,"April 1st 2022","July 1st 2022",2,6
"Rasmus Diederichsen",grimoirelab,"April 1st 2019","July 1st 2019",2,6
"Rishika Sinha",grimoirelab,"July 1st 2022","January 1st 2023",3,6
"Robin Richtsfeld",grimoirelab,"April 1st 2018","July 1st 2018",2,6
"Saleem Abdulrasool",grimoirelab,"April 1st 2019","January 1st 2020",2,6
